Rank,City,Country,Purchasing Power Index,Safety Index,Health Care Index,Cost of Living Index,Property Price to Income Ratio,Traffic Commute Time Index,Pollution Index,Climate Index,"Meal, Inexpensive Restaurant (USD)",Average Monthly Net Salary (After Tax),Air_Pollution_2023,Education,Taxation,Internet Access
123,Lviv,Ukraine,44.5,61.8,61,25.8,15.2,32.1,48.8,69.6,4.46,452.52,10.7,0,5.478,5.056
145,Baku,Azerbaijan,38.5,69.5,47.7,32.8,14.1,37.3,74.4,91.4,5.88,402.82,19.1,0,5.861,1.442
135,Yerevan,Armenia,34,77.7,57.3,42.1,20.1,29.8,60.7,63.4,7.5,513.02,31.5,0,8.055,3.9
124,Sarajevo,BosniaAndHerzegovina,64.3,55.5,60.7,36.4,14.2,27,65.7,78.2,5.3,744.99,32.4,0,9.118,4.6475
87,Hyderabad,India,127.2,56.8,65.3,22.8,5,42.4,76.1,73.5,2.45,514.72,42.5,0,3.4145,5.54
140,Quito,Ecuador,40.3,37,70.1,34.6,13,40.1,65.1,99,3.5,462.19,,0,7.514,3.4815
144,Belgrade,Serbia,51.3,61.9,53.2,42.1,18.8,36.4,68,84.1,7.96,658.37,22,0.5,4.1665,3.863
122,Minsk,Belarus,59.5,48.2,49,27.8,11.9,31.2,43,64.4,9.89,547.78,,0.5,5.926,4.863
63,Riyadh,SaudiArabia,138.9,74.5,64.7,49.8,2.8,32.5,63.3,44.4,6.65,2212.23,46.5,0.5035,10,4.13
139,Delhi,India,121.7,41.1,66.5,23.9,8.2,57.8,90.3,58.9,4.9,586.35,92.7,0.512,3.4145,3.588
105,Johannesburg,SouthAfrica,110.8,19.2,60.2,38.4,2.7,40.9,61.7,91.4,8.78,1549.63,21.8,0.7585,5.151,2.8375
130,Guadalajara,Mexico,47.9,37.5,80,41.2,14.4,41.8,58.9,92.8,7.78,769.29,26.4,1.2095,4.3335,4.0925
48,Doha,Qatar,140.8,83.9,73.4,52.2,5.6,29.2,59.9,36,8.24,3276.33,41.6,1.4335,10,3.245
134,Medellin,Colombia,34.7,46.4,78.4,31.2,17.5,38.7,63.3,99.8,3.26,333.18,16,1.531,1.8515,4.1485
110,Sofia,Bulgaria,82.7,60,58.5,40.8,9.6,31,68.4,76,10.62,996.71,19.1,2.0145,8.7205,6.2725
112,Ankara,Turkey,54.7,60.5,69.2,37.1,9,36.2,65,91.5,3.76,368.3,14.1,2.0285,4.3235,2.316
146,Istanbul,Turkey,49.4,52.2,70,39.1,16.1,51.4,68.1,93,5.36,382.09,18,2.1525,4.3235,3.5005
49,Dubai,UnitedArabEmirates,122.7,83.7,69.7,60,4.9,36.3,48.7,50.3,12.25,4395.91,43.7,2.28,10,3.151
125,Bucharest,Romania,74.3,72,54.8,41.3,9.5,40.9,75.2,75.6,10.56,933.79,17.1,2.4475,6.839,9.638
126,Kuala Lumpur,Malaysia,95.4,38.8,68.6,33.9,7.6,41.6,65.4,56.6,3.33,1254.22,17.6,2.527,6.1265,5.4615
132,Athens,Greece,52.8,44.1,57,53.5,15,38.8,56.7,95.2,12.46,931.36,19.2,3.1625,4.1665,2.228
142,Thessaloniki,Greece,47.7,46.3,55.4,53.6,14.4,29.9,65.5,88.4,11.43,823.61,19.8,3.1635,4.1665,2.596
55,Zagreb,Croatia,83.1,78.7,65.1,46.8,12.2,30,33.3,82.2,9.63,1119.01,22.4,3.211,7.9935,5.0335
83,Bratislava,Slovakia,74.6,69.6,55.6,49.7,16.1,30.6,37,80.7,8.31,1261.04,13.4,3.2975,4.937,4.5835
2,Luxembourg,Luxembourg,175.9,71.4,76.6,62,9.2,27.7,21.6,82.6,20.49,4135.59,,3.4795,7.151,5.458
66,Denver,UnitedStates,129.7,52.9,69.7,76.6,4.5,36,44.3,56.3,18,5565.78,4.9,3.6245,4.346,5.4185
72,Las Vegas,UnitedStates,142.4,44.5,54.1,68.5,3.3,27.4,52.1,57.4,17.5,3689.75,5.2,3.6245,4.772,5.3035
115,Budapest,Hungary,68.8,65.9,52.1,43.6,13.8,39,53.1,78.4,7.93,941.34,11.8,3.693,6.1075,6.759
54,Vilnius,Lithuania,79.3,72.8,76,48.2,13.5,26.2,25,66.6,9.87,1261.28,14.5,3.7,6.5925,7.9265
13,Reykjavik,Iceland,104.9,75.8,68.6,83.9,7.3,21.2,15.1,68.8,17.65,3331.49,3.3,4.057,4.4655,6.742
107,Turin,Italy,85.4,48.1,66.2,57.2,8,28,68.9,85.7,13.5,1606.7,7,4.1015,2.4365,2.369
26,Portland,UnitedStates,140.2,43,71.5,78.4,3.6,33.3,32.4,89.6,16,4599.72,7.8,4.2155,3.9205,5.9685
141,Saint Petersburg,Russia,62.6,61.5,61.3,34.2,16.2,48.5,61.3,60.6,,,8.4,4.282,6.0445,5.6425
136,Milan,Italy,60.4,48.7,71.5,67.4,20.3,35.8,67.2,88.1,20.77,1868.62,28.7,4.283,2.4365,5.014
28,Dallas,UnitedStates,159.1,48.1,66.4,70.5,2.8,35.2,41.9,81.9,20,5459.79,8.05,4.284,4.772,6.461
42,Porto,Portugal,61,67.6,79.4,45.6,11.3,24.5,25,96.6,9.35,1017.59,,4.449,4.1575,4.4945
81,Lisbon,Portugal,55.7,70.2,73.5,49,19.1,34.6,35,98.6,12.46,1099.9,7.5,4.48,4.1575,6.394
129,Moscow,Russia,76.5,64.2,67.1,38.9,18.8,50.4,55.2,55.8,13.1,1480.16,10.8,4.5725,6.017,6.571
86,Gdansk,Poland,95.6,67.3,51,41.3,12.2,30.1,52.2,75.5,6.66,1116.63,14.9,4.6615,5.097,5.036
57,Wellington,NewZealand,88.4,67,64.3,70.3,13.3,39.3,23.6,97.7,12.43,3338.01,2.2,4.756,5.9315,5.1745
22,Gothenburg,Sweden,125.2,53.6,67.3,60.8,8.3,25.3,19.4,77.5,11.43,2773.23,5.5,4.7775,2.7495,6.1925
39,Cork,Ireland,105.5,64.2,55.8,68.6,6.3,33.9,25.9,89.8,15.58,2887.48,8.6,4.879,6.255,9.144
56,Houston,UnitedStates,162.9,36.4,69.3,65.1,2.5,41.6,57.1,85.5,16.5,5085.45,9.1,4.928,4.772,6.2485
38,Auckland,NewZealand,127.8,50.1,69.3,67.7,10.9,38.1,31.7,99.9,15.53,3786.1,,5.0465,5.9315,6.85
11,Stuttgart,Germany,145.7,65.5,76.7,64.2,7.5,29,38.9,81.1,12.46,3280.17,11.1,5.0505,3.9035,5.124
3,Eindhoven,Netherlands,139.4,78.1,78.9,62.2,6,24.5,19.2,85.4,17.14,3511.81,13,5.0805,4.955,7.659
53,Cologne,Germany,117.5,57.5,72.8,62.7,10.2,35.9,38.4,84.8,12.98,2444.84,,5.1035,3.9035,5.666
23,Adelaide,Australia,109.3,67.7,73.9,76,7.9,35.5,24.3,95,12.41,4023.3,3.6,5.142,4.5885,4.341
14,Perth,Australia,140.8,58.3,71.2,69.6,5.5,42.4,27.7,95.7,16.77,4179.62,6,5.143,4.5885,4.1785
9,Geneva,Switzerland,152.2,69.3,71,101.7,12,32.1,25.6,82.6,26.42,5792.65,20,5.186,6.4285,8.3785
10,Frankfurt,Germany,142.3,53.9,76.7,63.7,8.2,23.8,32.7,84.7,14.02,3337.85,10.9,5.2065,3.9035,4.079
6,Copenhagen,Denmark,123.7,74.3,77.2,75.7,8.2,27.7,21.3,83.7,19.55,3595.94,8.6,5.301,5.068,7.2395
34,Tallinn,Estonia,80.3,77.7,74.8,55.3,11.7,24.7,18.8,64.3,12.46,1425.55,4.8,5.355,5.341,5.202
60,Victoria,Canada,79.5,58.9,66.3,72.1,13.2,32,18.4,92.5,18.61,3537.3,6.6,5.3815,7.2745,6.195
67,Halifax,Canada,92.7,59,66.3,67.5,9.5,31.4,24.1,59,14.89,3047.9,4.5,5.42,7.2745,6.1235
8,Helsinki,Finland,111.7,75.5,80,66.3,10.8,25.3,12.7,62.8,13.5,2834.36,5.5,5.4545,4.8785,5.1035
25,San Diego,UnitedStates,142.3,59.6,67.9,79.8,6.5,35.2,39.8,97.1,20,5718.84,8.8,5.4575,4.488,5.999
91,Dublin,Ireland,100.8,46.9,51.2,69.3,9.5,40.6,41.3,85.9,18.7,3131.83,7.1,5.6065,6.255,8.3435
82,Manchester,UnitedKingdom,103.2,44.7,74.4,65.7,7.3,39,53.3,86.9,18.02,2737.54,9.2,5.652,5.9545,5.814
20,Seattle,UnitedStates,162,46.1,71.5,81.5,5.1,43.4,31.9,91.7,20,6292.34,9.3,5.7145,4.772,4.9405
50,Edmonton,Canada,120.9,53.5,77.3,62.5,3.8,28.1,28.8,32.1,18.61,3411.77,8.6,5.948,7.2745,4.61
12,Amsterdam,Netherlands,112.2,71.1,78.3,69.7,11.3,24.2,24.6,87.5,19.22,3606.11,10,6.18,4.955,4.523
18,Melbourne,Australia,142.8,56.3,73,67.8,7.6,41.8,27.5,94.3,15.42,4063.98,4.8,6.2205,4.5885,5.896
41,Stockholm,Sweden,120.3,53.8,66.6,64.7,11.4,34.1,18.5,69.7,12.38,2981.76,6.8,6.6675,2.7495,7.6135
97,Seoul,SouthKorea,110.7,75.8,83,65.9,25.8,42.4,57.7,68.4,7.16,2672.23,18.3,6.8655,6.6075,7.637
118,Paris,France,97.5,42.3,77.3,73.6,17.5,41.3,64.5,88.4,15.58,2741.22,12.7,7.085,2.648,9.716
5,Zurich,Switzerland,181.2,77.2,70.3,100.4,12.9,38.1,24.4,81.5,26.42,6570.44,10.3,7.2875,6.4285,7.2675
117,New York,UnitedStates,100,49.2,62.7,100,13,43.6,58.3,79.7,25,6066.38,9.9,8.0935,3.9205,7.0985
71,Singapore,Singapore,111.1,77,71.9,76.7,18.7,40.7,32.5,57.5,10.92,4497.08,13.3,8.2465,9.959,8.447
106,Los Angeles,UnitedStates,122.9,47,61.3,80.9,7.3,57.1,67.7,95.5,20,5440.69,10.5,8.6245,4.7675,5.4965
101,London,UnitedKingdom,115.3,45.4,70,78.7,14.3,45.2,58,88.3,18.02,3905.7,9.5,9.027,5.9545,5.8455
114,Hong Kong,HongKong(China),109.3,78.4,66,70.8,30,41.9,67,83.6,7.68,3030.37,14.4,9.711,8.3805,6.2275
119,Chennai,India,101.6,60,69.4,21.8,9.1,46.7,74.5,53.2,2.2,546.55,25.3,0.5115,3.4145,6.8255
74,Cape Town,SouthAfrica,105.2,26.2,68.8,35.2,5.4,42.5,38.7,98.2,8.78,1288.41,6.7,0.8945,5.151,5.6125
109,Curitiba,Brazil,40.6,38,66.8,29.6,17.3,32.7,31.2,99.6,4.66,479.37,13.5,1.0165,2.8525,3.142
104,Montevideo,Uruguay,63.3,44,68.5,54.1,9.3,40.1,47.2,98,14,846.96,11.3,1.69,4.8285,2.1785
73,Cluj-Napoca,Romania,75.9,77.8,65.7,39.2,12.2,29.7,43.5,74.3,7.4,861.38,26.4,2.448,6.839,8.6655
84,Riga,Latvia,68.3,61.2,60.5,50.9,8.8,31.1,37.8,74.7,10.39,1058.48,,4.091,5.929,5.841
44,San Antonio,UnitedStates,133.5,52.2,67.9,64.5,5.3,31.7,43.9,80.6,,,8.9,4.152,4.772,8.0745
108,Rome,Italy,78.7,50.7,63.4,54.4,14.8,37.9,54.6,93.7,16.1,1549.17,12.5,4.157,2.4365,4.491
94,Wroclaw,Poland,88.9,73.8,57.4,42.5,11.2,34,61.9,78.4,7.78,1015.52,18.6,4.1615,5.097,5.7615
19,Valencia,Spain,83.9,69.8,80.3,47.2,7.4,22.8,24.9,93.8,12.46,1535.37,10.9,4.266,3.894,9.14
36,Madrid,Spain,92.6,72.8,79.3,53.2,10.6,26.6,36.9,85.5,12.46,2022.6,9.4,4.2915,3.894,6.241
4,Rotterdam,Netherlands,139.1,71.6,81.2,61.3,5.5,22.9,24,87.9,16.1,3122.24,10.6,4.3065,4.955,5.8525
40,Hamburg,Germany,116.7,57.5,74.9,67.4,11.5,33,29.1,82.8,14.02,3127.85,10.7,4.3065,3.9035,5.5605
1,The Hague,Netherlands,138.9,79.8,80.7,60.2,5.9,21,17.5,90.6,,,16.3,4.3065,4.955,6.5135
89,Warsaw,Poland,95.4,74.6,58.4,43.9,12.2,34.7,60.1,74.6,7.78,1256.6,15.3,4.6685,5.097,6
43,Ljubljana,Slovenia,80.2,78.9,67,51.5,13.6,26,22.5,76.1,10.39,1368.51,16.1,4.852,4.81,5.4895
7,Vienna,Austria,113.1,69.9,79.6,64.3,12.7,22.8,16.3,81.8,15.58,2662.28,10.5,4.8545,2.666,6.173
96,Barcelona,Spain,87.4,48.6,76.9,54,12,30.5,63.6,95.7,14.54,1924.32,13,5.029,3.894,6.468
31,Oslo,Norway,114.7,66.2,78,78.4,10.4,28.1,22.1,60,20.11,3567.74,6.8,5.1445,4.752,7.9705
29,Glasgow,UnitedKingdom,121.6,54.9,79,65.2,5.1,31.3,34.2,84.8,18.02,2907.47,5.8,5.3065,5.9545,4.253
15,Austin,UnitedStates,166,58.8,68.8,66.8,3.3,37.2,43.1,82.1,18,5663.04,9.1,5.315,4.772,9.049
102,Winnipeg,Canada,97.4,39.7,68.4,63.4,6.2,31.3,35.7,24.7,14.89,2223.69,5,5.344,7.2745,4.9025
51,Ottawa,Canada,110.8,69.4,68.8,66.9,7.8,34.4,24.5,44.5,18.61,3334.84,6.8,5.4235,7.2745,6.2675
35,Calgary,Canada,124.1,61.5,74.1,69.5,4.2,29,23.4,33.1,18.61,3823.8,6.3,5.555,7.2745,5.6705
65,Taipei,Taiwan,99.3,83.7,86.6,47,24.7,34.4,48.5,84.4,5.82,1852.65,9.9,5.5895,7.333,5.2315
143,Shanghai,China,93.4,71.3,64.4,36.5,37.2,47,71.5,83.6,5.59,1382.83,25.4,5.6995,1.496,2.636
16,Brisbane,Australia,135.2,63.3,74.5,67.9,8.7,40.8,28.5,98.1,13.41,4031.8,3.5,5.921,4.5885,4.4075
24,Edinburgh,UnitedKingdom,111.6,68.9,77.5,69.9,7.9,31,28.1,84,18.02,2696.88,5.6,6.0925,5.9545,5.1755
33,Atlanta,UnitedStates,168.1,36,67.1,75.7,2.4,41.3,45,89.7,15,4878.17,12.1,6.457,4.204,6.4805
92,Brussels,Belgium,105,44.4,73.6,66.6,7,36.8,61.6,83.8,15.58,2736.44,10.5,6.653,1.883,7.5715
37,Sydney,Australia,118.5,65.9,74.8,73.4,14.8,43.4,28.6,97.1,13.41,4672.95,3.1,6.7255,4.5885,4.7365
58,Vancouver,Canada,98.1,57.7,72,69.1,13.7,36.7,25.5,91.2,18.24,3523.68,6.7,6.889,7.2745,4.5505
52,Tokyo,Japan,109.4,76,79,51.9,13.8,42.5,42.4,85.3,7.22,2776.24,9.2,6.9805,6.033,4.835
59,Berlin,Germany,120.4,55.4,67.5,64.7,11,33.7,38.7,83.3,12.46,3086.47,12.5,7.019,3.9035,4.678
77,Montreal,Canada,102.4,67.6,62.5,62.9,10.6,39.7,33.7,52.4,14.89,2815.81,7.9,7.299,7.2745,4.478
27,Munich,Germany,111.7,79.7,77.4,67.8,15.6,30.8,25,76,15.58,3435.65,10.7,7.5545,3.9035,5.155
80,Toronto,Canada,107.6,56.7,74.3,66.3,13.2,44.7,37.4,65.3,18.61,3153.29,8.5,7.6025,7.2745,4.383
133,Beijing,China,110.1,73.6,68.7,35,30.6,43.6,77.9,57.6,4.19,1514.55,29.8,7.971,1.426,3.493
32,Canberra,Australia,104,73.6,70.6,79.3,9.5,38.2,24.1,82.7,15.42,4672.58,2.8,,,
45,Boston,UnitedStates,128.3,59.9,72.7,85.8,7.4,44.1,29.8,71.7,20,5241.13,6.9,8.6245,4.062,5.7005
75,Miami,UnitedStates,105.1,47.3,63.6,77,6,42.9,38.9,85.7,20,4216.7,7.4,4.3945,4.772,5.824
103,Krakow (Cracow),Poland,90.4,74.3,58.3,43.8,12.5,31.6,70.4,73.9,,,7.6,4.6625,5.097,5.7875
21,Tampa,UnitedStates,145.7,54.7,67.8,78,2.9,36.2,32.5,84.7,21,5326.71,8,4.2805,4.772,7.195
62,San Francisco,UnitedStates,162.1,38.5,64.5,90.5,7.3,49.8,50,97.3,,,8.1,8.6245,4.488,5.6055
70,Phoenix,UnitedStates,148.8,46.3,67.2,68.5,3,33,57.1,53.8,18,5090.45,8.5,,,
137,Panama City,Panama,43.6,52.8,58.8,47.6,11.5,32.8,61.4,67.8,8,798.95,8.9,0,6.9475,3.19
148,Odessa (Odesa),Ukraine,40.4,45.9,51,27.2,13.9,36.6,62.6,79,5.41,335.39,9.1,,,
88,Chicago,UnitedStates,126.3,34,65.2,80.2,3.3,41.8,50.5,66.1,20,4814.48,10.35,7.999,4.062,6.5995
61,Prague,CzechRepublic,85.1,75.5,74.7,49.4,17.2,31.8,33.5,80.7,,,11.9,4.238,5.9335,6.0905
76,Timisoara,Romania,70.8,74.5,71.2,38,9.8,24.3,56.2,82,6.34,782.16,13.8,,,
46,Brno,CzechRepublic,97.6,74.5,76.3,42.8,13.2,26,40.8,78.2,,,13.9,4.2265,5.9335,7.0205
93,Limassol,Cyprus,76.3,62.8,51.3,57,10.4,20.6,59.5,95.7,15.58,1506.78,14.4,,,
138,Tbilisi,Georgia,35.6,74.4,55.1,35.7,14,40.6,71.7,84.2,9.41,471.51,16.3,0.8625,8.055,4.087
85,Poznan,Poland,90.8,71.7,57,41.3,9.3,32.5,59.2,77.4,6.66,956.86,16.8,,,
98,Durban,SouthAfrica,91.7,19.4,58.6,32.9,4.7,25.5,53.1,95.6,8.78,1108.46,17,,,
113,Brasilia,Brazil,42.8,40.6,51.8,31.7,17.8,30.6,30,99,5.59,603.31,17.6,,,
127,Monterrey,Mexico,59.5,51.8,69,48.2,8.3,31.8,71.2,80.4,10.38,979.83,18.1,,,
78,Tel Aviv-Yafo,Israel,99.1,73.8,73.8,69.1,24.1,35.7,45.9,93.9,18.93,3172.97,19.6,3.7665,6.9175,2.566
90,Pretoria,SouthAfrica,118.8,18.1,66.3,35.3,2,45,56,95.8,7.32,1389.27,21.4,,,
116,Novi Sad,Serbia,50.9,60.8,49.9,39.3,16.9,18.2,53.2,84,5.75,604.4,22.3,,,
100,Izmir,Turkey,54.3,67.6,73.1,37.9,9.9,39.9,60.3,96.9,3.76,315.66,23.6,,,
149,Skopje,NorthMacedonia,53.3,53.2,54.7,34.6,13.8,27.3,83.2,76.3,,,26.7,0.5,9.475,4.5205
64,Jeddah,SaudiArabia,126.4,73.7,60.4,45.7,3.7,30.5,66.5,66.2,6.65,1644.06,31.8,,,
121,Islamabad,Pakistan,36.2,68.8,64.9,21.5,21.7,36.5,41.3,76.9,1.34,215.89,40.6,,,
17,Abu Dhabi,UnitedArabEmirates,160.5,88.2,71.1,54.1,5.8,32.9,46.9,43.9,8.17,3541.42,47.9,,,
150,Kolkata,India,69,54,59.8,21.1,8.2,59.4,78.4,60.9,2,536.14,50.3,,,
69,Pune,India,155.2,59,65.7,24.1,6.1,44.1,71.3,74.3,3.67,789.54,51.2,,,
128,Ahmedabad,India,63.4,67.9,67.2,22.8,7.9,39,72.5,49.3,2.45,432.57,53.5,,,
111,Kuwait City,Kuwait,124.1,70.2,57.8,43.3,9.4,34.5,71.1,20.2,6.5,1936.14,57.3,,,
68,Washington,UnitedStates,132.6,39.9,70.1,82.5,6.8,41.2,42.1,81.6,18,5907.32,8.325,5.7145,4.772,4.9405
79,Bangalore,India,171,45.6,65.1,25.8,6.5,53.7,82.9,89.4,3.06,983.32,0.656,3.4145,2.841,
147,Belo Horizonte,Brazil,28.7,39.4,64.7,30.3,17.6,43.6,52,98.5,4.1,310.61,,,,
120,Gurgaon,India,128,46.4,65.1,25.4,8,35.4,90.8,59.9,4.9,872.4,,,,
30,Muscat,Oman,98.1,80.6,64.2,42.8,4.6,19.9,35.1,67.2,5.19,1907.3,,,,
131,Amman,Jordan,45.3,61.5,65.1,42.7,7.8,40.3,77.2,89,5.64,644.1,,,,
99,Varna,Bulgaria,62.4,64.6,63.8,38.7,9.7,28.9,59.7,85.1,6.37,733.75,,,,
47,Split,Croatia,69,68.7,71.5,46,16.8,18.4,26.6,96.3,8.94,943.57,,,,
95,Nizhny Novgorod,Russia,52.2,71.8,74.5,30.2,16.1,27.1,32.6,45.5,10.23,700.39,,,,
